{"train_loss": [1.4833696739196778, 1.10833943283293, 0.9581857521692911, 0.8676844308005439, 0.7935842333687676, 0.7322739903979831, 0.6842727812343173, 0.6305237107276916, 0.5830648260275523, 0.5413845695548587, 0.4925555996470981, 0.44706611410776775, 0.4136678329149882, 0.37444231887393525, 0.339797634712855, 0.3119799657503764, 0.29088359152475995, 0.2700730824417538, 0.25995204287634954, 0.25448806784417893], "val_loss": [1.3482458684921266, 0.9585021061897278, 0.8319767291069031, 0.8158654412269593, 0.8302791749954224, 0.7397804042816162, 0.8550193880081177, 0.7401015471458435, 0.7238443423271179, 0.6732137691497803, 0.6441503499031067, 0.6183796998500823, 0.6314916870117188, 0.6175994242668151, 0.6405576013088227, 0.6395277749061584, 0.6381887922763825, 0.6465635327339172, 0.6515270092010498, 0.6504226214885712], "train_metric": [0.4444222222222222, 0.6033111111111111, 0.6636, 0.699, 0.7223333333333334, 0.7474, 0.7660666666666667, 0.7845555555555556, 0.7971111111111111, 0.8131333333333334, 0.8334222222222222, 0.8467333333333333, 0.8594222222222222, 0.8736444444444444, 0.8845333333333333, 0.8926444444444445, 0.9016888888888889, 0.9103111111111111, 0.9127333333333333, 0.9137111111111111], "val_metric": [0.5154, 0.656, 0.7112, 0.7086, 0.7138, 0.737, 0.7084, 0.743, 0.7564, 0.767, 0.7784, 0.787, 0.7884, 0.791, 0.7892, 0.7948, 0.7952, 0.7958, 0.7994, 0.7956]}