{
  "accuracy": 0.9767441860465116,
  "report": {
    "0": {
      "precision": 0.9375,
      "recall": 1.0,
      "f1-score": 0.967741935483871,
      "support": 30.0
    },
    "1": {
      "precision": 1.0,
      "recall": 0.9642857142857143,
      "f1-score": 0.9818181818181818,
      "support": 56.0
    },
    "accuracy": 0.9767441860465116,
    "macro avg": {
      "precision": 0.96875,
      "recall": 0.9821428571428572,
      "f1-score": 0.9747800586510265,
      "support": 86.0
    },
    "weighted avg": {
      "precision": 0.9781976744186046,
      "recall": 0.9767441860465116,
      "f1-score": 0.9769078633294688,
      "support": 86.0
    }
  }
}