R2,RMSE,MAE
0.761609673500061,0.5614499251302849,0.38327035307884216
