{"train_loss": [0.522269326587056, 0.3932051816057921, 0.3509686759540013, 0.33110670278370713, 0.3170696874525592, 0.3049548630038501, 0.2969590338031583, 0.2886956445006437, 0.2772195245472432, 0.27969472413905305, 0.2711813849204138, 0.2716441565045751, 0.2669311053267085, 0.26429516575397183, 0.2624294295131434, 0.26542326586851117, 0.25934025793772597, 0.25762435873085476, 0.2516216237679668, 0.25421331649602846, 0.24853816562448758, 0.2518365560873006, 0.2466087374312273, 0.2518555627411782], "val_loss": [0.3699212678027091, 0.3215740652663455, 0.3373221286815574, 0.40373026246556326, 0.289489017977579, 0.2942647645947853, 0.38318159521704187, 0.39900759209034053, 0.3559687701306602, 0.2697883768137111, 0.3832291398553577, 0.2568800172140432, 0.4448813517272318, 0.3322260449098986, 0.5199892135861616, 0.4799651357246616, 0.3411405215891757, 0.4403734961837453, 0.3433368692718427, 0.4239206298685197, 0.43930450397560455, 0.37074640262342545, 0.40269365082723535, 0.3356078995598687], "train_metric": [0.4777306819796664, 0.6067948222592666, 0.6490313281221866, 0.6688932978073022, 0.6829303124490542, 0.6950451376652985, 0.7030409665819239, 0.7113043574716346, 0.7227804754475851, 0.7203052755657945, 0.7288186178610632, 0.7283558475315088, 0.733068896423468, 0.7357048358413361, 0.7375705699171201, 0.7345767346243895, 0.7406597422766579, 0.742375643517319, 0.7483783810354585, 0.7457866838357939, 0.7514618335416752, 0.7481634455974984, 0.7533912642600126, 0.7481444404557251], "val_metric": [0.6195929640059952, 0.6693106053695902, 0.6531161492433395, 0.58482561295361, 0.7023051379556622, 0.697394023926492, 0.605956759671713, 0.589682158548573, 0.6339409478868807, 0.7225642106108656, 0.6059078649290475, 0.7358384696482634, 0.5425080716724737, 0.6583566875550477, 0.465271185262238, 0.5064297916298419, 0.6491895249077779, 0.5471436904616476, 0.6469309235963481, 0.5640629279132847, 0.5482429766927868, 0.6187444367954638, 0.5858916143687063, 0.6548789676731638]}