{"train_loss": [0.5742210515180425, 0.3448745053467439, 0.26540317113076023, 0.2017488386762801, 0.18256814029049034, 0.1472110153742172, 0.1342465139214118, 0.1100541866155126, 0.10577789870039303, 0.10655928751332076, 0.1081172247328351, 0.08243853108367728, 0.09026437080535457, 0.0884102299509935, 0.08791420035925343, 0.09903790064193496, 0.07280654755968545, 0.07019014762780025, 0.07554149139092196, 0.06846976167892092, 0.055933228876423, 0.09547616938250748, 0.04962479381180888, 0.062394947337744824, 0.04597344726848243, 0.060166638400686444, 0.04853363632781422, 0.04309109268925298, 0.043000903691927994, 0.04772638473378953, 0.054986844288569, 0.053431981023232544, 0.05102594098516146, 0.046850625668937836, 0.06170376591459291, 0.049109774112851175, 0.037610836097755326, 0.0536103405095824, 0.04190669066492637, 0.047347423906002814, 0.04758123386108396], "val_loss": [0.452105648727978, 0.3177645725362441, 0.23565747948253857, 0.18997379366089315, 0.15594309778774487, 0.1400614107356352, 0.12683252201360815, 0.1153904106687097, 0.10203027637565837, 0.09400889838443083, 0.09006199871792513, 0.08142357845516766, 0.07979964070460376, 0.07776201678549542, 0.07566163092851638, 0.07099953249973409, 0.07086331866243306, 0.0800423618625192, 0.08251372268971274, 0.07302871885545113, 0.0730733477674863, 0.07440636572154129, 0.08620053865015506, 0.09044226741089541, 0.08411726526477757, 0.07741693803930984, 0.07089035944903598, 0.061874044971431, 0.05890720340916339, 0.05964881264988114, 0.06270285110701533, 0.07229900548563284, 0.07041374955545454, 0.06937134314109297, 0.07034524479771362, 0.07670467878308367, 0.07895243907456889, 0.07426699283806716, 0.0671199531897026, 0.059953252423335525, 0.06745081710464815], "train_metric": [0.6608040201005025, 0.9170854271356784, 0.9447236180904522, 0.9447236180904522, 0.9597989949748744, 0.964824120603015, 0.9623115577889447, 0.9673366834170855, 0.9798994974874372, 0.9673366834170855, 0.9623115577889447, 0.9798994974874372, 0.9798994974874372, 0.9824120603015075, 0.9849246231155779, 0.9723618090452262, 0.9773869346733668, 0.9798994974874372, 0.9723618090452262, 0.9748743718592965, 0.9874371859296482, 0.9698492462311558, 0.9874371859296482, 0.9798994974874372, 0.9899497487437185, 0.9849246231155779, 0.9849246231155779, 0.9849246231155779, 0.9824120603015075, 0.9849246231155779, 0.9824120603015075, 0.9849246231155779, 0.9798994974874372, 0.9849246231155779, 0.9723618090452262, 0.9798994974874372, 0.9849246231155779, 0.9798994974874372, 0.9849246231155779, 0.9849246231155779, 0.9798994974874372], "val_metric": [0.9176470588235294, 0.9294117647058824, 0.9411764705882353, 0.9647058823529412, 0.9647058823529412, 0.9764705882352941, 0.9647058823529412, 0.9529411764705882, 0.9882352941176471, 0.9882352941176471, 0.9882352941176471, 0.9882352941176471, 0.9764705882352941, 0.9764705882352941, 0.9882352941176471, 0.9764705882352941, 0.9764705882352941, 0.9764705882352941, 0.9764705882352941, 0.9764705882352941, 0.9647058823529412, 0.9647058823529412, 0.9647058823529412, 0.9529411764705882, 0.9647058823529412, 0.9647058823529412, 0.9764705882352941, 0.9764705882352941, 0.9764705882352941, 0.9647058823529412, 0.9764705882352941, 0.9764705882352941, 0.9764705882352941, 0.9764705882352941, 0.9647058823529412, 0.9764705882352941, 0.9764705882352941, 0.9647058823529412, 0.9764705882352941, 0.9647058823529412, 0.9764705882352941]}