{"train_loss": [0.6932280239423116, 0.6926830472734239, 0.6940461933347915, 0.6849793833944533, 0.6763895126660665, 0.692381687672933, 0.6680943290498521, 0.6174118696000841, 0.6505829235394796, 0.5505036967913309], "val_loss": [0.6926457647323608, 0.6951720189094543, 0.6945180556297302, 0.6892711604118347, 0.6914800680160522, 0.6828904843330383, 0.6731814391136169, 0.574477752828598, 0.613627847957611, 0.5181780090808868], "train_metric": [0.5056, 0.5235555555555556, 0.5230222222222223, 0.5432444444444444, 0.5706666666666667, 0.5476888888888889, 0.5775111111111111, 0.6603111111111111, 0.6212444444444445, 0.7323111111111111], "val_metric": [0.498, 0.5176, 0.5188, 0.5216, 0.6272, 0.536, 0.5976, 0.7144, 0.6952, 0.7316]}