{"train_loss": [0.6944364016956753, 0.6912939710299174, 0.6890808644930522, 0.6145920280244616, 0.4433207756996155, 0.34849253256056045, 0.30287365504370795, 0.2725267745759752, 0.24360215961933135, 0.21841878088315328], "val_loss": [0.6934244833946228, 0.6908851788520813, 0.6823353359222412, 0.5106425112247467, 0.41546425857543945, 0.3805924840450287, 0.37571877052783964, 0.3656491002559662, 0.33746125822067263, 0.33479882295131685], "train_metric": [0.5044888888888889, 0.5197333333333334, 0.5383555555555556, 0.6620888888888888, 0.7961333333333334, 0.8496888888888889, 0.8733777777777778, 0.8887555555555555, 0.9021777777777777, 0.9137333333333333], "val_metric": [0.4964, 0.51, 0.5412, 0.7588, 0.8192, 0.8352, 0.8524, 0.8556, 0.8644, 0.8684]}