{"train_loss": [0.6981190518273248, 0.6935665071911282, 0.691411946996053, 0.689883573351966, 0.6983825076738993, 0.6971436420864529, 0.6965235086123148, 0.6960428317175971, 0.6959782027774387, 0.6955838657167223], "val_loss": [0.6979986933708191, 0.6955604194641113, 0.6961847018241882, 0.6965219938278199, 0.694082010269165, 0.6953306160926819, 0.6959475959777832, 0.6930373920440673, 0.69523656873703, 0.6949823167800904], "train_metric": [0.5001333333333333, 0.5094666666666666, 0.5197777777777778, 0.5208444444444444, 0.5012888888888889, 0.5050666666666667, 0.49977777777777777, 0.5038222222222222, 0.5004888888888889, 0.5025777777777778], "val_metric": [0.4868, 0.5, 0.4952, 0.5008, 0.502, 0.4928, 0.4916, 0.5092, 0.4972, 0.4976]}