{"train_loss": [0.6612818499353197, 0.5415778011798859, 0.47307372387780083, 0.42916636549631754, 0.3994213282532162, 0.3808095950603485, 0.3584991726822323, 0.3525348086675008, 0.340511196369595, 0.3411476858350966], "val_loss": [0.6551097602844238, 0.5071708082199097, 0.48716331181526185, 0.4491422224998474, 0.4336440029621124, 0.4513314945220947, 0.4381689145565033, 0.43066210784912107, 0.43703368072509763, 0.42996421937942503], "train_metric": [0.5931111111111111, 0.7269777777777777, 0.774, 0.7967555555555556, 0.8184, 0.8301333333333333, 0.8400444444444445, 0.8433777777777778, 0.8496888888888889, 0.8517777777777777], "val_metric": [0.6216, 0.7516, 0.7676, 0.7952, 0.8012, 0.7988, 0.8104, 0.8152, 0.8132, 0.8152]}